2	WGBY
3	WSHM-LP
4	WGGB
5	WWLP
6	WGGB SD Cable
7	New England Cable News
8	Jewelry Television
9	Local Access Programming 1
12	Local Access Programming 2
13	WEDH
15	Local Access Programming 3
18	WDMR-LD (SD Feed)
19	WHTX-LP
20	Home Shopping Network
21	Eternal Word Television Network
22	QVC
23	Local Access Programming 4
24	Disney Channel
25	Nickelodeon
26	Freeform
28	MTV - Music Television
29	VH1
30	FX
31	TBS
32	Home & Garden Television
33	TNT
34	E! Entertainment Television
35	USA Network
36	Lifetime
37	A&E
38	TLC
39	Discovery Channel
40	truTV
41	Fox News Channel
42	Cable News Network
43	HLN
44	CSPAN
45	Bloomberg Business Television
46	CNBC
47	The Weather Channel
49	ESPN
50	ESPN2
51	New England Sports Network
52	NBC Sports Boston
53	Hallmark Channel
54	The Travel Channel
55	Paramount Network
56	POP
57	Bravo
58	History
59	AMC
60	Cartoon Network
61	BET
62	SYFY
63	Animal Planet
64	TV Land
65	MS NOW
67	Food Network
69	Golf Channel
84	New England Sports Network Plus
85	NBC Sports Boston Plus
86	QVC2
87	QVC3
88	HSN2
98	Comedy Central
123	NewsNation SD
124	ION Television
126	Crime + Investigation
127	Military History Channel
130	FS2
136	Sportsman Channel
137	SEC Network
139	ACC Network
176	Ovation
180	Cleo TV
183	Jewelry Television
187	New England Cable News
189	BBC News (North America)
190	Leased Westfield
191	BabyFirst TV
192	Starz Encore Black
193	Smithsonian Network
195	ScreenPix Voices SD
196	Jewish Life TV (SD Feed)
198	ReelzChannel
199	Hallmark Mystery
201	SundanceTV
202	Flix
203	Starz Encore Action
205	ScreenPix SD
206	ScreenPix Westerns
207	Starz Encore Westerns SD
210	National Geographic USA
211	Hallmark Family SD
212	IFC
213	Turner Classic Movies
214	TV ONE
215	WE tv
216	Oxygen True Crime
220	Nicktoons
221	Discovery Family Channel
222	Disney XD
223	Nick Jr
224	Teen Nick
225	ScreenPix Action SD
226	Oprah Winfrey Network
227	Science
228	Nick Too East
229	Trinity Broadcasting Network
230	Discovery Life Channel
232	National Geographic Wild
233	Destination America
235	UPtv
236	Impact Network (SD Feed)
239	Cooking Channel
240	Magnolia Network
241	BBC America
242	Vice
243	FYI
244	Disney Junior
247	CSPAN2
248	ESPNEWS
249	CSPAN3
250	FS1
252	Investigation Discovery
253	American Heroes Channel
255	Outdoor Channel
256	FXX
257	NBA TV
259	NHL Network
261	CBS Sports Network
265	NFL Network
266	Tennis Channel
267	Game Show Network
268	The CatholicTV Network
269	MLB Network
270	LMN
272	Nick Music
273	MTV2: Music Television
274	BET Her
275	BET Soul
276	CMT Music
277	MTV Classic
278	FXM
279	Great American Family
280	BET Jams
281	Logo
282	CMT
284	Fox Business
285	Big Ten Network
286	ESPNU
287	NFL RedZone
295	Daystar Television Network (SD Feed)
301	HBO
302	HBO Hits
303	HBO Drama
305	HBO Comedy
307	HBO Latino
319	MGM+ East
321	Starz
322	MGM+ HD
323	MGM+ Hits
324	MGM+ Marquee
325	MGM+ Drive-In
326	Starz Encore
328	ScreenPix SD
329	ScreenPix Action SD
330	ScreenPix Westerns
331	ScreenPix Voices SD
341	Cinemax
361	Paramount+ with Showtime
362	SHO 2
363	Showtime Showcase
364	Showtime Extreme
366	Flix
381	The Movie Channel
382	The Movie Channel Extra
401	Comcast PPV HD +C SD
402	Comcast PPV En Español
501	Music Choice Today's Hits
502	Music Choice Trending Hits
503	Music Choice Feel-Good Favorites
504	Music Choice Pop Energy
505	Music Choice Hip-Hop and R&B
506	Music Choice Dance
507	Music Choice Hip-Hop Classics
508	Music Choice Throwback Jams
509	Music Choice R&B Classics
510	Music Choice Today's R&B
511	Music Choice Gospel
512	Music Choice Contemporary Christian
513	Music Choice Rock
514	Music Choice Yacht Rock
515	Music Choice '60s & '70s Mellow Hits
516	Music Choice Adult Alternative
517	Music Choice Alt & Rock Favorites
518	Music Choice Classic Rock
519	Music Choice Soft Rock
520	Music Choice Happy Hits
521	Music Choice Pop Hits
522	Music Choice Today's Latin Hits
523	Music Choice Tropicales
524	Music Choice Romantic Latin Pop
525	Music Choice '70s & '80s Favorites
526	Music Choice '90s
527	Music Choice '80s
528	Music Choice '70s
529	Music Choice '60s Generation
530	Music Choice Solid Gold Oldies
531	Music Choice Pop & Country
532	Music Choice Today's Country
533	Music Choice Country Favorites
534	Music Choice Classic Country
535	Music Choice Country Rock
536	Music Choice Sleep Sounds
537	Music Choice Relaxing Vibes
538	Music Choice Calming Classical
539	Music Choice Joyful Instrumentals
540	Music Choice Pop Instrumentals
541	Music Choice Light Classical
542	Music Choice Classical Masterpieces
543	Music Choice Soundscapes
544	Music Choice Smooth Jazz
545	Music Choice Jazz
546	Music Choice Blues
547	Music Choice Singers & Swing
548	Music Choice Easy Listening
549	Music Choice Classic Christmas
550	Music Choice Sounds of the Seasons
642	Telefe Internacional
643	Teleformula
644	Pasiones TV US
645	TV Chile
646	Nuestra Tele Internacional
647	Video Rola
649	TVE
650	TVV
651	Sony Cine
652	Kanal D Drama
657	Sur Peru
658	Vme Kids (SD Feed)
659	Canal Sur
660	Once
661	Multimedios USA
662	Mexicanal
664	Canal RCN TELENOVELAS
666	HITN
667	Cinema Dinamita
668	EWTN Español
669	El Sembrador
670	Ecuavisa International
673	CARACOL INTERNATIONAL
678	AYM Sports 2
704	Super Canal
705	UNIVERSO
706	Discovery en Español
707	Cine Latino US
708	Fox Deportes
709	CNN en Español
710	TUDN
711	Tr3s: MTV, Musica y Mas
712	ViendoMovies
713	Cine Mexicano US Feed
716	History Channel En Español
717	WAPA America SD
719	Galavision Cable Network
720	ESPN Deportes
721	UniMas
722	BabyFirst
723	CentroAméricaTV
725	Discovery Familia En Español
729	UniMas (Pacific)
730	Univision Network (Pacific)
757	Televisión Dominicana
771	HBO Drama
773	HBO Latino HD
784	The Travel Channel HD
785	Starz Encore HD
786	QVC2 HD
787	QVC3 HD
788	LMN HD
789	Fox Business HD
790	Hallmark Mystery HD
791	QVC HD
792	Disney XD HD
794	Bravo HD
795	CNBC HD
796	ESPNEWS HD
797	FYI Channel HD
798	IFC HD
799	WE tv HD
803	WSHM-LD
810	New England Cable News HD
813	WEDH-DT
815	Destination America HD
816	TV ONE HD
817	NBA TV HD
818	MLB Network HD
821	National Geographic HD
822	WWLP-DT
823	Discovery Channel HD
824	Disney Channel HD
825	Nickelodeon HD
826	Freeform HD
827	MTV - Music Television HD
828	MTVLIVE
829	VH1 HD
830	FX HD
831	TBS HD
832	Home & Garden Television HD
833	TNT HD
834	E! Entertainment Television HD
835	USA Network HD
836	Lifetime HD
837	A&E HD East
838	Tennis Channel HD
839	DISCOVERY TURBO HD
840	WGGB-DT
841	Fox News Channel HD
842	CNN HD
843	HLN HD
847	The Weather Channel HD
848	Golf Channel HD
849	ESPN HD
850	ESPN2 HD
851	New England Sports Network HD
852	NBC Sports Boston HD
853	NFL Network HD
854	Food Network HD
855	Paramount Network HD
856	CBS Sports Network HD
857	WGBY-DT
858	Comedy Central HD
859	AMC HD
860	Cartoon Network HD
861	WGGB-DT2
862	Syfy HD
863	Animal Planet HD
864	CMT HD
866	Science Channel HD
867	TLC HD (US)
868	Cinemax HD
870	HBO East
871	HBO Hits
872	History HD
874	AMC+
875	Starz HD
877	Paramount+ with Showtime HD
878	SHO 2 HD
882	Big Ten Network HD
883	The Movie Channel HD
884	NHL Network HD
894	New England Sports Network Plus HD
897	FS1 HD
898	FS2 HD
899	NFL RedZone HD
900	ESPNU HD
901	MS NOW HD
902	truTV HD
903	Turner Classic Movies HD
905	BET HD
906	Hallmark Channel HD
907	HSN HD
908	UPtv HD
909	Investigation Discovery HD
910	Vice HD
911	National Geographic Wild HD
913	Oxygen True Crime HD
914	Oprah Winfrey Network HD
915	Ovation HD
916	Bloomberg HD
917	Smithsonian HD Network
918	Local 6
919	Local 7
922	BBC America HD
923	SEC Network HD
924	FXX HD
926	Discovery Family Channel HD
999	Galavision Cable Network HD
1010	WHTX-LP
1015	HSN HD
1021	WSHM-LD
1022	WWLP-DT
1024	WEDH-DT
1032	Jewelry Television HD
1034	QVC HD
1037	QVC2 HD
1040	WGGB-DT
1041	WGGB-DT2
1049	HSN2 HD
1051	WDMR-LD (SD Feed)
1053	QVC3 HD
1057	WGBY-DT
1067	Jewelry Television
1070	Local Access Programming 1
1071	Local Access Programming 2
1072	Local Access Programming 3
1073	Local Access Programming 4
1074	Local Access Programming 5 HD
1075	Local Access Programming 6 HD
1076	Local Access Programming 7 HD
1080	GOD TV
1091	American Value Channel RF Leased Access FT E
1092	Shop LC HD
1093	BINGE HD
1094	Greater Love TV 1
1095	Family Entertainment Television
1096	SonLife Broadcasting Network
1097	Leased Westfield
1098	InTouch+
1099	GEMS
1102	The Weather Channel HD
1108	FOX Weather
1110	Fox News Channel HD
1111	CNN HD
1112	HLN HD
1113	MS NOW HD
1115	Newsmax TV HD
1116	NewsNation
1117	BBC News (North America) HD
1121	CNBC HD
1122	Bloomberg HD
1123	Fox Business HD
1127	New England Cable News HD
1128	CSPAN HD
1129	CSPAN2 HD
1130	CSPAN3 HD
1154	WGBY-DT2
1155	WGBY-DT3
1156	WGBY-DT4
1165	WSHM-LD2
1168	WGGB-DT3
1174	WWLP-DT2
1205	ESPN HD
1206	ESPN2 HD
1208	FS1 HD
1209	FS2 HD
1210	ESPNEWS HD
1211	NBC Sports Network
1215	NFL Network HD
1216	NFL RedZone HD
1217	NHL Network HD
1218	NBA TV HD
1219	MLB Network HD
1220	MLS 360 English
1223	Golf Channel HD
1224	Tennis Channel HD
1228	Zona Futbol
1229	TUDN
1230	Fox Deportes HD
1231	ESPN Deportes
1232	UNIVERSO HD
1234	Latin American Sports HD
1236	Outdoor Channel
1237	The Sportsman Channel HD
1238	Pursuit Channel HD
1243	DISCOVERY TURBO HD
1246	FanDuel TV
1250	New England Sports Network HD
1251	NBC Sports Boston HD
1255	New England Sports Network Plus HD
1256	NBC Sports Boston Plus
1301	ESPNU HD
1303	CBS Sports Network HD
1313	Big Ten Network HD
1321	SEC Network HD
1325	ACC Network
1354	Fox Sports 4K Events 1
1356	NBC 4K Events
1362	USA 4K
1364	The Golf Channel 4K
1366	Telemundo 4K
1368	NBC Sports Network 4K
1390	Fox Sports 4K Events 2
1402	A&E HD East
1403	USA Network HD
1404	TNT HD
1405	AMC HD
1406	AMC+
1409	FX HD
1410	FXX HD
1411	Syfy HD
1412	Paramount Network HD
1418	BBC America HD
1421	ION Television
1425	Game Show Network HD
1426	TV Land HD
1427	POP HD
1428	WE tv HD
1429	ReelzChannel HD
1430	truTV HD
1431	INSP HD
1433	Great HD
1434	TBS HD
1435	Comedy Central HD
1436	Vice HD
1437	Comedy.TV HD
1438	IFC HD
1439	Logo HD
1440	SundanceTV HD
1444	Investigation Discovery HD
1445	Crime + Investigation
1446	Justice Central HD
1449	Discovery Channel HD
1450	TLC HD (US)
1451	Science Channel HD
1455	Lifetime HD
1456	LMN HD
1457	UPtv HD
1458	Hallmark Channel HD
1459	Hallmark Mystery HD
1460	Hallmark Family
1461	Great American Family HD
1462	Ovation HD
1463	Bravo HD
1464	Oprah Winfrey Network HD
1465	Oxygen True Crime HD
1466	E! Entertainment Television HD
1471	Animal Planet HD
1472	National Geographic Wild HD
1473	National Geographic HD
1477	Smithsonian HD Network
1478	History HD
1479	Military History Channel
1480	American Heroes Channel HD
1483	Recipe TV HD
1484	Food Network HD
1485	Cooking Channel HD
1486	FYI Channel HD
1487	Destination America HD
1488	The Travel Channel HD
1492	Home & Garden Television HD
1493	Magnolia Network HD
1497	Discovery Life Channel HD
1550	Music Choice Today's Hits
1551	Music Choice Trending Hits
1552	Music Choice Feel-Good Favorites
1553	Music Choice Pop Energy
1554	Music Choice Hip-Hop and R&B
1555	Music Choice Dance
1556	Music Choice Hip-Hop Classics
1557	Music Choice Throwback Jams
1558	Music Choice R&B Classics
1559	Music Choice Today's R&B
1560	Music Choice Gospel
1561	Music Choice Contemporary Christian
1562	Music Choice Rock
1563	Music Choice Yacht Rock
1564	Music Choice '60s & '70s Mellow Hits
1565	Music Choice Adult Alternative
1566	Music Choice Alt & Rock Favorites
1567	Music Choice Classic Rock
1568	Music Choice Soft Rock
1569	Music Choice Happy Hits
1570	Music Choice Pop Hits
1571	Music Choice Today's Latin Hits
1572	Music Choice Tropicales
1573	Music Choice Romantic Latin Pop
1574	Music Choice '70s & '80s Favorites
1575	Music Choice '90s
1576	Music Choice '80s
1577	Music Choice '70s
1578	Music Choice '60s Generation
1579	Music Choice Solid Gold Oldies
1580	Music Choice Pop & Country
1581	Music Choice Today's Country
1582	Music Choice Country Favorites
1583	Music Choice Classic Country
1584	Music Choice Country Rock
1585	Music Choice Sleep Sounds
1586	Music Choice Relaxing Vibes
1587	Music Choice Calming Classical
1588	Music Choice Joyful Instrumentals
1589	Music Choice Pop Instrumentals
1590	Music Choice Light Classical
1591	Music Choice Classical Masterpieces
1592	Music Choice Soundscapes
1593	Music Choice Smooth Jazz
1594	Music Choice Jazz
1595	Music Choice Blues
1596	Music Choice Singers & Swing
1597	Music Choice Easy Listening
1598	Music Choice Classic Christmas
1599	Music Choice Sounds of the Seasons
1606	MTV - Music Television HD
1607	VH1 HD
1608	CMT HD
1612	MTVLIVE
1614	MTV Classic
1615	Nick Music
1619	CMT Music
1623	AFRO
1624	Cleo TV HD
1625	BET HD
1626	TV ONE HD
1627	ASPiRE HD
1628	BET Her HD
1629	The Africa Channel HD
1630	BET Soul
1633	BET Jams
1636	The Grio HD
1637	Revolt HD
1639	MTV2: Music Television HD
1657	Daystar Television Network (SD Feed)
1661	Trinity Broadcasting Network HD
1668	Eternal Word Television Network HD
1669	The CatholicTV Network
1682	Impact Network (SD Feed)
1684	JBSHD
1685	Jewish Life TV (SD Feed)
1701	Disney Junior HD
1702	Nick Jr HD
1709	BabyFirst TV
1714	Discovery Family Channel HD
1715	Disney Channel HD
1716	Disney XD HD
1721	Primo TV HD
1722	Kids Street HD
1727	Nicktoons HD
1728	Nickelodeon HD
1729	Nick Too HD East
1734	Cartoon Network HD
1736	MeTV Toons
1740	Teen Nick HD
1742	Freeform HD
1755	Turner Classic Movies HD
1766	FX Movie Channel HD
1771	Flix HD
1773	Starz Encore HD
1775	Starz Encore Action
1777	Starz Encore Black
1784	Starz Encore Westerns SD
1786	ScreenPix
1787	ScreenPix Action
1788	ScreenPix Voices
1789	ScreenPix Westerns
1802	HBO East
1804	HBO Hits
1806	HBO Drama
1810	HBO Comedy
1814	HBO Latino HD
1816	AMC+
1820	Cinemax HD
1822	Cinemax Hits
1824	Cinemax Action
1830	Cinemax Classics
1840	Paramount+ with Showtime HD
1842	SHO 2 HD
1846	Showtime Showcase
1848	Showtime Extreme
1860	The Movie Channel HD
1862	The Movie Channel Extra
1868	Starz HD
1871	MGM+ HD
1873	MGM+ Hits HD
1874	MGM+ Marquee HD
1875	MGM+ Drive-In HD
1883	Playboy Premium HD
1884	Playboy Español (Premium HD)
1885	Hustler HD (Comcast)
1886	VividTV HD (Comcast)
1887	MATURE LUST
1888	Penthouse HD (Comcast)
1889	VIXEN HD
1890	AROUSE
1891	XTSY XX5 HD (Comcast)
1893	Juicy HD (Comcast)
1894	Ten XX.5 HD (Comcast)
3001	Arizona Diamondbacks: MLB Extra Innings
3002	Atlanta Braves: MLB Extra Innings
3003	Baltimore Orioles: MLB Extra Innings
3004	Boston Red Sox: MLB Extra Innings
3005	Chicago Cubs: MLB Extra Innings
3006	Chicago White Sox: MLB Extra Innings
3007	Cincinnati Reds: MLB Extra Innings
3008	Cleveland Guardians: MLB Extra Innings
3009	Colorado Rockies: MLB Extra Innings
3010	Detroit Tigers: MLB Extra Innings
3011	Houston Astros: MLB Extra Innings
3012	Kansas City Royals: MLB Extra Innings
3013	Los Angeles Angels: MLB Extra Innings
3014	Los Angeles Dodgers: MLB Extra Innings
3015	Miami Marlins: MLB Extra Innings
3016	Milwaukee Brewers: MLB Extra Innings
3017	Minnesota Twins: MLB Extra Innings
3018	New York Mets: MLB Extra Innings
3019	New York Yankees: MLB Extra Innings
3020	Athletics: MLB Extra Innings
3021	Philadelphia Phillies: MLB Extra Innings
3022	Pittsburgh Pirates: MLB Extra Innings
3023	San Diego Padres: MLB Extra Innings
3024	San Francisco Giants: MLB Extra Innings
3025	Seattle Mariners: MLB Extra Innings
3026	St. Louis Cardinals: MLB Extra Innings
3027	Tampa Bay Rays: MLB Extra Innings
3028	Texas Rangers: MLB Extra Innings
3029	Toronto Blue Jays: MLB Extra Innings
3030	Washington Nationals: MLB Extra Innings
3034	Atlanta Hawks: NBA League Pass
3035	Boston Celtics: NBA League Pass
3036	Brooklyn Nets: NBA League Pass
3037	Charlotte Hornets: NBA League Pass
3038	Chicago Bulls: NBA League Pass
3039	Cleveland Cavaliers: NBA League Pass
3040	Dallas Mavericks: NBA League Pass
3041	Denver Nuggets: NBA League Pass
3042	Detroit Pistons: NBA League Pass
3043	Golden State Warriors: NBA League Pass
3044	Houston Rockets: NBA League Pass
3045	Indiana Pacers: NBA League Pass
3046	Los Angeles Clippers: NBA League Pass
3047	Los Angeles Lakers: NBA League Pass
3048	Memphis Grizzlies: NBA League Pass
3049	Miami Heat: NBA League Pass
3050	Milwaukee Bucks: NBA League Pass
3051	Minnesota Timberwolves: NBA League Pass
3052	New Orleans Pelicans: NBA League Pass
3053	New York Knicks: NBA League Pass
3054	Oklahoma City Thunder: NBA League Pass
3055	Orlando Magic: NBA League Pass
3056	Philadelphia 76ers: NBA League Pass
3057	Phoenix Suns: NBA League Pass
3058	Portland Trail Blazers: NBA League Pass
3059	Sacramento Kings: NBA League Pass
3060	San Antonio Spurs: NBA League Pass
3061	Toronto Raptors: NBA League Pass
3062	Utah Jazz: NBA League Pass
3063	Washington Wizards: NBA League Pass
3067	Anaheim Ducks: NHL Center Ice
3068	Boston Bruins: NHL Center Ice
3069	Buffalo Sabres: NHL Center Ice
3070	Calgary Flames: NHL Center Ice
3071	Carolina Hurricanes: NHL Center Ice
3072	Chicago Blackhawks: NHL Center Ice
3073	Colorado Avalanche: NHL Center Ice
3074	Columbus Blue Jackets: NHL Center Ice
3075	Dallas Stars: NHL Center Ice
3076	Detroit Red Wings: NHL Center Ice
3077	Edmonton Oilers: NHL Center Ice
3078	Florida Panthers: NHL Center Ice
3079	Los Angeles Kings: NHL Center Ice
3080	Minnesota Wild: NHL Center Ice
3081	Montreal Canadiens: NHL Center Ice
3082	Nashville Predators: NHL Center Ice
3083	New Jersey Devils: NHL Center Ice
3084	New York Islanders: NHL Center Ice
3085	New York Rangers: NHL Center Ice
3086	Ottawa Senators: NHL Center Ice
3087	Philadelphia Flyers: NHL Center Ice
3088	Pittsburgh Penguins: NHL Center Ice
3089	San Jose Sharks: NHL Center Ice
3090	Seattle Kraken: NHL Center Ice
3091	St. Louis Blues: NHL Center Ice
3092	Tampa Bay Lightning: NHL Center Ice
3093	Toronto Maple Leafs: NHL Center Ice
3094	Utah Mammoth: NHL Center Ice
3095	Vancouver Canucks: NHL Center Ice
3096	Vegas Golden Knights: NHL Center Ice
3097	Washington Capitals: NHL Center Ice
3098	Winnipeg Jets: NHL Center Ice
3101	Willow Cricket HD
3102	TV Asia HD
3103	Zee TV HD
3106	SET HD
3108	ATN ABP News
3131	Crossings TV National
3135	CCTV4-China Central TV
3137	Phoenix Info News
3138	CTI Zhong Tian Channel
3139	Phoenix Satellite TV
3150	Jade San Francisco Cable Channel
3185	Saigon Broadcasting Network
3194	The Filipino Channel HD
3195	GMA Pinoy TV
3196	GMA Life TV
3212	Record International HD
3213	Rede Globo TV Internacional HD
3216	SIC Internacional
3217	RTP Mundo
3225	RTV International US
3226	RTN-WMNB
3227	Russian Kino
3230	Impact TV Network
3245	Art America
3250	Israel Plus
3265	TV5MONDE Etats Unis HD
3275	Antenna Satellite
3280	Rai Italia HD
3281	Mediaset Italia
3285	Willow Cricket
3286	TV Asia
3287	Zee TV USA, Inc.
3289	SET
3292	Record International
3293	Rede Globo TV Internacional
3294	TV5MONDE Etats Unis
3295	Rai Italia
3296	The Filipino Channel
3304	WDMR-LD (SD Feed)
3307	UniMas East HD
3308	UniMas HD (Pacific)
3310	WHTX-LP
3331	BabyFirst
3335	Discovery Familia HD
3340	Vme Kids (SD Feed)
3344	El Sembrador
3345	EWTN Español
3351	ESPN Deportes
3353	Fox Deportes HD
3355	Latin American Sports HD
3359	TUDN
3360	Zona Futbol
3371	Discovery en Español
3375	Galavision Cable Network HD
3377	History Channel En Español HD
3378	HITN
3380	Tr3s: MTV, Musica y Mas
3382	Once
3383	Pasiones TV US
3384	Canal RCN TELENOVELAS
3385	Kanal D Drama
3387	UNIVERSO HD
3388	Video Rola
3396	CNN en Español
3404	Caracol Internacional HD
3405	CentroAméricaTV
3407	Ecuavisa International
3409	MEXICANAL (HD)
3410	Multimedios USA
3412	Nuestra Tele Internacional
3414	Super Canal
3415	Sur Peru
3416	Canal Sur
3418	Telefe Internacional
3419	Teleformula
3422	TV Chile
3423	Televisión Dominicana
3424	TVV
3425	TVE
3428	WAPA America SD
3441	Cine Latino US
3442	Cine Mexicano US Feed
3443	Sony Cine
3445	Cinema Dinamita
3447	ViendoMovies HD
3455	HBO Latino
3481	ESPN Deportes
3482	Fox Deportes
3483	Galavision Cable Network
3484	WDMR-LD (SD Feed)
3485	TUDN
3486	UNIVERSO
3487	WHTX-LP
3488	UniMas
3489	Univision Network (Pacific)
3490	UniMas (Pacific)
3491	Zona Futbol SD
3492	CARACOL INTERNATIONAL
3493	Mexicanal
3494	AYM Sports 2
3800	Comcast Employee Channel IP
3802	Greater Boston Employee Channel
11080	QVC HD
11083	HSN HD
11084	HSN2 HD
11085	Jewelry Television HD
11102	The Weather Channel HD
11108	FOX Weather
11110	Fox News Channel HD
11111	CNN HD
11112	HLN HD
11113	MS NOW HD
11115	Newsmax TV HD
11116	NewsNation
11117	BBC News (North America) HD
11121	CNBC HD
11122	Bloomberg HD
11123	Fox Business HD
11128	CSPAN HD
11129	CSPAN2 HD
11130	CSPAN3 HD
11205	ESPN HD
11206	ESPN2 HD
11208	FS1 HD
11209	FS2 HD
11210	ESPNEWS HD
11215	NFL Network HD
11216	NFL RedZone HD
11220	MLS 360 English
11223	Golf Channel HD
11224	Tennis Channel HD
11228	Zona Futbol
11229	TUDN
11230	Fox Deportes HD
11231	ESPN Deportes HD
11232	UNIVERSO HD
11234	Latin American Sports HD
11236	Outdoor Channel HD
11238	Pursuit Channel HD
11243	DISCOVERY TURBO HD
11301	ESPNU HD
11303	CBS Sports Network HD
11313	Big Ten Network HD
11314	Big Ten Network HDTV (24/7 Overflow Number 1)
11315	Big Ten Network Overflow 2 HD
11321	SEC Network HD
11325	ACC Network
11402	A&E Network Stream
11403	USA Network HD
11404	TNT HD
11405	AMC HD
11406	AMC+
11409	FX HD
11410	FXX HD
11411	Syfy HD
11412	Paramount Network HD
11418	BBC America HD
11425	Game Show Network HD
11426	TV Land HD
11427	POP HD
11428	WE tv HD
11429	ReelzChannel HD
11430	truTV HD
11431	INSP HD
11434	TBS HD
11435	Comedy Central HD
11436	Vice HD
11437	Comedy.TV HD
11438	IFC HD
11439	Logo HD
11440	SundanceTV HD
11444	Investigation Discovery HD
11445	Crime & Investigation Network HD
11446	Justice Central HD
11449	Discovery Channel HD
11450	TLC HD (US)
11451	Science Channel HD
11455	Lifetime HD
11456	LMN HD
11457	UPtv HD
11458	Hallmark Channel HD
11459	Hallmark Mystery HD
11460	Hallmark Family
11461	Great American Family HD
11462	Ovation HD
11463	Bravo HD
11464	Oprah Winfrey Network HD
11465	Oxygen True Crime HD
11466	E! Entertainment Television HD
11471	Animal Planet HD
11472	National Geographic Wild HD
11473	National Geographic HD
11477	Smithsonian HD Network
11478	History HD
11479	Military History Channel
11480	American Heroes Channel HD
11483	Recipe TV HD
11484	Food Network HD
11485	Cooking Channel HD
11486	FYI Channel HD
11487	Destination America HD
11488	The Travel Channel HD
11492	Home & Garden Television HD
11493	Magnolia Network HD
11497	Discovery Life Channel HD
11550	Music Choice Today's Hits
11551	Music Choice Trending Hits
11552	Music Choice Feel-Good Favorites
11553	Music Choice Pop Energy
11554	Music Choice Hip-Hop and R&B
11555	Music Choice Dance
11556	Music Choice Hip-Hop Classics
11557	Music Choice Throwback Jams
11558	Music Choice R&B Classics
11559	Music Choice Today's R&B
11560	Music Choice Gospel
11561	Music Choice Contemporary Christian
11562	Music Choice Rock
11563	Music Choice Yacht Rock
11564	Music Choice '60s & '70s Mellow Hits
11565	Music Choice Adult Alternative
11566	Music Choice Alt & Rock Favorites
11567	Music Choice Classic Rock
11568	Music Choice Soft Rock
11569	Music Choice Happy Hits
11570	Music Choice Pop Hits
11571	Music Choice Today's Latin Hits
11572	Music Choice Tropicales
11573	Music Choice Romantic Latin Pop
11574	Music Choice '70s & '80s Favorites
11575	Music Choice '90s
11576	Music Choice '80s
11577	Music Choice '70s
11578	Music Choice '60s Generation
11579	Music Choice Solid Gold Oldies
11580	Music Choice Pop & Country
11581	Music Choice Today's Country
11582	Music Choice Country Favorites
11583	Music Choice Classic Country
11584	Music Choice Country Rock
11585	Music Choice Sleep Sounds
11586	Music Choice Relaxing Vibes
11587	Music Choice Calming Classical
11588	Music Choice Joyful Instrumentals
11589	Music Choice Pop Instrumentals
11590	Music Choice Light Classical
11591	Music Choice Classical Masterpieces
11592	Music Choice Soundscapes
11593	Music Choice Smooth Jazz
11594	Music Choice Jazz
11595	Music Choice Blues
11596	Music Choice Singers & Swing
11597	Music Choice Easy Listening
11598	Music Choice Classic Christmas
11599	Music Choice Sounds of the Seasons
11606	MTV - Music Television HD
11607	VH1 HD
11608	CMT HD
11612	MTVLIVE
11613	AXS TV
11614	MTV Classic
11615	Nick Music
11619	CMT Music
11623	AFRO
11624	Cleo TV HD
11625	BET HD
11626	TV ONE HD
11627	ASPiRE HD
11628	BET Her HD
11629	The Africa Channel HD
11630	BET Soul
11631	BET GOSPEL SD
11632	BET Hip Hop
11633	BET Jams
11636	The Grio HD
11637	Revolt HD
11639	MTV2: Music Television HD
11642	Stingray Flashback 70's
11643	Stingray Hit List
11645	Stingray Pop Adult
11646	Stingray Rock Alternative
11647	Stingray Today's Latin Pop
11648	Stingray Urban Beats
11684	JBSHD
11701	Disney Junior HD
11702	Nick Jr HD
11714	Discovery Family Channel HD
11715	Disney Channel HD
11716	Disney XD HD
11721	Primo TV HD
11722	Kids Street HD
11727	Nicktoons HD
11728	Nickelodeon HD
11733	Adult Swim/Cartoon Network TVE
11734	Cartoon Network - Excludes Adult Swim
11740	Teen Nick HD
11742	Freeform Streaming East
11755	Turner Classic Movies HD
11766	FX Movie Channel HD
11773	Starz Encore HD
11775	Starz Encore Action HD
11777	Starz Encore Black HD
11784	Starz Encore Westerns
11786	ScreenPix
11787	ScreenPix Action
11788	ScreenPix Voices
11789	ScreenPix Westerns
11802	HBO East
11803	HBO West
11804	HBO Hits
11806	HBO Drama
11810	HBO Comedy HD
11812	HBO Movies
11814	HBO Latino HD
11816	AMC+
11820	Cinemax HD
11821	Cinemax HD (Pacific)
11822	Cinemax Hits
11824	Cinemax Action
11830	Cinemax Classics
11834	Cinemax Spanish HD
11840	Paramount+ with Showtime HD
11841	Paramount+ with Showtime HD (Pacific)
11842	SHO 2 HD
11844	SHO x BET HD
11846	Showtime Showcase HD
11848	Showtime Extreme HD
11850	Showtime Women HD
11852	Showtime Familyzone
11854	Showtime Next HD
11868	Starz HD
11869	Starz HD (Pacific)
11871	MGM+ HD
11872	MGM+ HD West
11873	MGM+ Hits HD
11874	MGM+ Marquee HD
11875	MGM+ Drive-In HD
13034	Atlanta Hawks: NBA League Pass
13035	Boston Celtics: NBA League Pass
13036	Brooklyn Nets: NBA League Pass
13037	Charlotte Hornets: NBA League Pass
13038	Chicago Bulls: NBA League Pass
13039	Cleveland Cavaliers: NBA League Pass
13040	Dallas Mavericks: NBA League Pass
13041	Denver Nuggets: NBA League Pass
13042	Detroit Pistons: NBA League Pass
13043	Golden State Warriors: NBA League Pass
13044	Houston Rockets: NBA League Pass
13045	Indiana Pacers: NBA League Pass
13046	Los Angeles Clippers: NBA League Pass
13047	Los Angeles Lakers: NBA League Pass
13048	Memphis Grizzlies: NBA League Pass
13049	Miami Heat: NBA League Pass
13050	Milwaukee Bucks: NBA League Pass
13051	Minnesota Timberwolves: NBA League Pass
13052	New Orleans Pelicans: NBA League Pass
13053	New York Knicks: NBA League Pass
13054	Oklahoma City Thunder: NBA League Pass
13055	Orlando Magic: NBA League Pass
13056	Philadelphia 76ers: NBA League Pass
13057	Phoenix Suns: NBA League Pass
13058	Portland Trail Blazers: NBA League Pass
13059	Sacramento Kings: NBA League Pass
13060	San Antonio Spurs: NBA League Pass
13061	Toronto Raptors: NBA League Pass
13062	Utah Jazz: NBA League Pass
13063	Washington Wizards: NBA League Pass
13101	Willow Cricket HD
13103	Zee TV HD
13194	The Filipino Channel HD
13195	GMA Pinoy TV
13196	GMA Life TV
13213	Rede Globo TV Internacional HD
13265	TV5MONDE Etats Unis HD
13331	BabyFirst Americas Spanish HD
13335	Discovery Familia HD
13340	Vme Kids
13351	ESPN Deportes HD
13353	Fox Deportes HD
13355	Latin American Sports HD
13359	TUDN
13360	Zona Futbol
13371	Discovery en Español
13375	Galavision Cable Network HD
13377	History Channel En Español HD
13378	HITN HD
13380	Tr3s: MTV, Musica y Mas
13383	Pasiones TV US
13384	Canal RCN TELENOVELAS
13385	Kanal D Drama
13387	UNIVERSO HD
13404	Caracol Internacional HD
13405	CentroAméricaTV (HD Feed)
13409	MEXICANAL (HD)
13410	Multimedios USA
13412	Nuestra Tele Internacional
13423	Televisión Dominicana (HD Feed)
13424	TVV
13425	TVE America Television Española HD
13428	WAPA-DT
13441	Cine Latino US HD
13442	Cine Mexicano US Feed (HD Feed)
13443	Sony Cine
13445	Cinema Dinamita (HD Feed)
13447	ViendoMovies HD
13453	Cinemax Spanish HD
13455	HBO Latino HD
13956	MLS on Apple TV 01 Spanish
13957	MLS on Apple TV 02 Spanish
13958	MLS on Apple TV 03 Spanish
13959	MLS on Apple TV 04 Spanish
13960	MLS on Apple TV 05 Spanish
13961	MLS on Apple TV 06 Spanish
13962	MLS on Apple TV 07 Spanish
13963	MLS on Apple TV 08 Spanish
13964	MLS on Apple TV 09 Spanish
13965	MLS on Apple TV 10 Spanish
13966	MLS on Apple TV 11 Spanish
13967	MLS on Apple TV 12 Spanish
13968	MLS on Apple TV 13 Spanish
13969	MLS on Apple TV 14 Spanish
13970	MLS on Apple TV 15 Spanish
13972	MLS on Apple TV 01 English
13973	MLS on Apple TV 02 English
13974	MLS on Apple TV 03 English
13975	MLS on Apple TV 04 English
13976	MLS on Apple TV 05 English
13977	MLS on Apple TV 06 English
13978	MLS on Apple TV 07 English
13979	MLS on Apple TV 08 English
13980	MLS on Apple TV 09 English
13981	MLS on Apple TV 10 English
13982	MLS on Apple TV 11 English
13983	MLS on Apple TV 12 English
13984	MLS on Apple TV 13 English
13985	MLS on Apple TV 14 English
13986	MLS on Apple TV 15 English
13990	F1 on Apple TV
13996	Friday Night Baseball on Apple TV 1
13997	Friday Night Baseball on Apple TV 2
14005	NBC News NOW
14006	Sky News
14014	LiveNOW from FOX
14015	Dateline
14016	TODAY All Day
14017	ABC News Live
14018	20/20
14020	AccuWeather NOW
14045	Circle Country
14055	Xumo Free Movies
14056	Xumo Free Action Movies
14057	Xumo Free Her Movies
14058	Xumo Free Comedy Movies
14059	Xumo Free Black Cinema
14060	Xumo Free Documentaries
14061	Xumo Free Horror & Thriller
14062	Xumo Free Sci-Fi & Fantasy Movies
14063	Xumo Free Westerns
14067	NBA FAST
14068	NBC Sports NOW
14069	FOX Sports
14070	GolfPass
14071	PGA Tour
14072	DNVR Sports
14073	PHLY Sports
14074	CHGO Sports
14079	HBO Boxing
14080	DISCOVERY TURBO TV [XUMO / XFINITY]
14082	Billiards
14083	World Poker Tour
14084	Real Madrid TV
14086	Pickleball TV
14087	Unbeaten
14088	Ryz Sports Network
14089	Willow Sports
14090	PokerGO FAST
14091	Yahoo! Sports Network
14092	Bowling TV
14101	Xumo Free Crime TV
14102	Xumo Free Food TV
14103	Xumo Free Travel & Lifestyle TV
14104	Xumo Free Reality TV
14105	Xumo Free Game Shows
14106	Xumo Free Action & Drama TV
14107	Xumo Free Comedy TV
14108	Xumo Free Nature & Wildlife TV
14109	Love Nature
14114	LOL! Network
14117	The Conners
14118	Game Show Central
14119	The Price is Right: The Barker Era
14120	Family Feud Classic
14121	Deal Or No Deal
14122	America's Got Talent
14123	Comedy Dynamics
14125	Xumo Free Family Movies
14126	Xumo Free Kids TV
14131	Moviesphere
14132	OuterSphere
14134	Universal Action
14135	Universal Monsters
14136	Universal Movies
14137	Universal Westerns
14139	Are We There Yet?
14140	Xena Warrior Princess
14141	Western Bound Wrangled by INSP
14143	Say Yes to the Dress
14145	E! Keeping Up
14150	NBC Comedy Vault
14151	SNL Vault
14156	Bravo Vault
14157	Bachelor Nation
14161	Real Housewives Vault
14163	Saved by the Bell
14164	Leave It to Beaver
14165	Little House on the Prairie
14166	Lassie
14167	Hit Sitcoms
14170	Murder, She Wrote
14171	Alfred Hitchcock Presents
14172	Bad Girls Club
14173	Baywatch
14174	The Lone Ranger
14175	American Crimes
14176	The F.B.I. by WB TV
14179	Universal Crime
14180	Unsolved Mysteries
14181	Forensic Files
14182	Mysterious Worlds
14185	Oxygen True Crime Archives
14192	Family Feud
14193	American Ninja Warrior
14194	BUZZR Stream
14203	America's Test Kitchen
14204	Jamie Oliver
14205	Las Vegas
14206	Bizarre Foods with Andrew Zimmer
14207	Extreme Jobs
14224	FOX SOUL
14225	Shades of Black
14226	Ebony TV by Lionsgate
14227	Bounce XL
14246	Million Dollar Listing
14250	How-To
14251	At Home with Family HandyMan
14252	Garden With Monty Don
14253	Tastemade
14254	Tastemade Travel
14258	Mythbusters
14262	Ghost Hunters Channel
14263	Lawless
14264	Nash Bridges
14265	Wendy Williams
14270	PowerNation
14271	Dog Whisperer
14277	PBS Antiques Roadshow
14278	Curiosity NOW
14290	OUTFLIX MOVIES
14341	Joel Osteen
14342	Impact Gospel
14360	Stingray Holidayscapes
14361	Stingray Naturescape
14405	NBC Bay Area News
14406	NBC 10 Boston News
14407	NBC 5 Chicago News
14408	NBC Connecticut News
14409	NBC 5 Dallas Fort Worth News
14410	NBC 4 Los Angeles News
14411	NBC 4 New York News
14412	NBC 10 Philadelphia News
14413	NBC 7 San Diego News
14414	NBC 6 South Florida News
14415	NBC 4 Washington News
14421	FOX LOCAL Detroit
14422	FOX LOCAL San Francisco
14423	FOX LOCAL Dallas Fort Worth
14424	FOX LOCAL Atlanta
14425	FOX LOCAL New York
14426	FOX LOCAL Washington DC
14427	FOX LOCAL Milwaukee
14428	FOX LOCAL Austin
14429	FOX LOCAL Minnesota
14430	FOX LOCAL Phoenix
14431	FOX LOCAL Los Angeles
14432	FOX LOCAL Seattle
14433	FOX LOCAL Tampa Bay
14434	FOX LOCAL Houston
14435	FOX LOCAL Philadelphia
14436	FOX LOCAL Chicago
14437	FOX LOCAL Orlando
14481	News 12 New York
14540	Telemundo California
14550	Telemundo Florida
14556	Telemundo Texas
14565	Telemundo Noreste
14566	Noticias Telemundo Suroeste
14582	Noticias Telemundo AHORA
14602	Telemundo Romance
14603	Telemundo Acción
14605	Telemundo Deportes Ahora
14615	Lucha Plus
14650	Estrella TV
14654	Dateline en español
14655	Estrella News
14656	RCN Noticias
14657	Comercio TV
14664	Wapa+
14671	Tastemade Español
14672	Love The Planet En Español
14681	Fluffy TV
14682	Todo Cine
14711	DNU Cine Romántico
14712	Canela.TV Clasicos
14721	América TeVe
14724	Pelimex
14725	Filmex
14726	Filmex Clasico
14728	Todo Novelas, más Pasiones
